date,symbol,garp,excess63,excess252
2022-12-31,MPC,false,0.1722264824954447,0.3884031988646697
2022-12-31,OXY,false,0.03777289755345259,-0.026319716104839186
2022-12-31,EQNR.OL,false,-0.16166716104235435,-0.038076131752172615
2022-12-31,SHEL.L,false,-0.003346263656017423,0.107705141550821
2022-12-31,COP,false,-0.07137999492114477,0.053746530147232185
2022-12-31,XOM,false,0.06095738253975691,-0.03223811227236828
2022-12-31,TTE.PA,false,-0.05932735780983345,0.11696012946513101
2022-12-31,MA,true,0.05560285742802762,0.21164446440637308
2022-12-31,EOG,false,-0.047931130436377756,0.012384500598412451
2023-03-31,MPC,false,-0.12228522064331293,0.6301249094055974
2023-03-31,TTE.PA,false,-0.0019270251941232441,0.21850895032269224
2023-03-31,SHEL.L,false,0.008976971926708766,0.19065596834771759
2023-03-31,RMS.PA,false,0.054868576500962885,0.2892523175652755
2023-03-31,NOVO-B.CO,false,-0.022103528378800696,0.6246761349744936
2023-03-31,OXY,false,-0.04872583235594474,0.09827339837253102
2023-03-31,XOM,false,-0.01155865543688428,0.12683663752407592
2023-03-31,EQNR.OL,false,0.0238380653121415,0.07711744141774246
2023-03-31,CDI.PA,false,-0.00899590448552745,-0.049650327365945435
2023-03-31,COP,false,0.06236116064533892,0.3707752639496651
2023-06-30,RMS.PA,false,-0.14743715442428407,0.11848729051290086
2023-06-30,MPC,false,0.30452834282879526,0.5238895961111574
2023-06-30,NOVO-B.CO,false,0.18348548914204832,0.8289910602739265
2023-06-30,TTE.PA,false,0.21175043346366174,0.2387844050072212
2023-06-30,MA,true,0.008091830125437571,0.13719810187322468
2023-06-30,SHEL.L,false,0.13587466277405413,0.2103134682918908
2023-06-30,CDI.PA,false,-0.1715866463949507,-0.14377056826093115
2023-06-30,ADP,false,0.10006759987024294,0.10116432661060615
2023-06-30,8031.T,false,0.011579141871339349,0.4174668896729512
2023-06-30,8058.T,false,0.043162701268136594,0.48013532720664287
2023-06-30,ITX.MC,false,-0.012972316951784135,0.3618559582218519
2023-09-30,MPC,false,-0.014293406939941633,0.11771541250322515
2023-09-30,NOVO-B.CO,false,0.08417452012460314,0.25339360580641723
2023-09-30,ENI.MI,false,0.021683643649133444,-0.05038267028001653
2023-09-30,TTE.PA,false,-0.011394715863666027,0.023240502177888533
2023-09-30,RMS.PA,false,0.10926119384394495,0.18793266233810701
2023-09-30,MA,true,0.078852248962614,0.26117348431697307
2023-09-30,AAPL,false,0.12600689315785973,0.3280036434953275
2023-09-30,8058.T,false,-0.0372473969173468,0.2808750923087857
2023-09-30,8031.T,false,-0.0033192495952945045,0.23436034640678982
2023-09-30,ITX.MC,false,0.1379597837854396,0.5378166091224013
2023-09-30,PSX,false,0.11828196238278887,0.14347189140239514
2023-09-30,CSCO,false,-0.05348078084192931,0.012537520386548984
2023-09-30,SHEL.L,false,-0.013140171363607012,-0.0694716590488702
2023-12-31,NOVO-B.CO,false,0.2510427490928102,-0.07667044670357537
2023-12-31,META,false,0.40664965955603716,0.660488967777247
2023-12-31,MO,false,0.08792296884154438,0.40757202460850883
2023-12-31,8058.T,false,0.5561081565602204,0.1372658072393751
2023-12-31,AAPL,false,-0.12192685014709592,0.3070523038832005
2023-12-31,MA,true,0.12584830827845606,0.24174315700110127
2023-12-31,ADBE,true,-0.16324168306445197,-0.2546429586440251
2023-12-31,GE,false,0.33978615781258426,0.648254919716043
2023-12-31,CSCO,false,-0.015358528860391685,0.20995615456310723
2023-12-31,AMAT,false,0.27388951467336353,0.011290761266813387
2023-12-31,BP.L,false,0.06351878226677243,-0.1726775807959684
2023-12-31,AVGO,false,0.2044449139162332,1.104929474865584
2023-12-31,8031.T,false,0.3507642141348153,0.1812174766578214
2024-03-31,NVDA,false,0.3673706243693091,0.21946744599609014
2024-03-31,META,false,0.03941819794265866,0.21120681568455257
2024-03-31,MO,false,0.06710396259204554,0.45742204501688266
2024-03-31,NOVO-B.CO,false,0.09781021613442387,-0.4452676153185302
2024-03-31,AAPL,false,0.22991433147979223,0.3076970336835232
2024-03-31,MA,true,-0.08264411941142114,0.14547549988175357
2024-03-31,AVGO,false,0.21519213695218498,0.28699954782429926
2024-03-31,CSCO,false,-0.04030951900961244,0.2773068864764243
2024-03-31,AMAT,false,0.14639120962037255,-0.2877533411931148
2024-03-31,ADP,false,-0.03873669128358426,0.2538258818967978
2024-03-31,BP.L,false,-0.03458817867957442,-0.12096208474504488
2024-03-31,ASML.AS,false,0.0829727212961513,-0.23736873096760103
2024-03-31,GE,false,0.13680735300133673,0.4670535697503557
2024-06-30,NVDA,false,-0.017238194316159916,0.273269295781172
2024-06-30,MO,false,0.1427556566011947,0.39845025750303487
2024-06-30,NOVO-B.CO,false,-0.15416519234199932,-0.5555514700885488
2024-06-30,ADP,true,0.14901829501230424,0.30449768696941026
2024-06-30,MA,true,0.12061649543429409,0.2803151690862713
2024-06-30,GE,false,0.1698358850864925,0.5498830946272157
2024-06-30,AAPL,false,0.08277303838012506,0.013358216694710157
2024-06-30,BP.L,false,-0.19212318087150992,-0.2299755209749944
2024-06-30,CSCO,false,0.1255365942051534,0.487052726622788
2024-06-30,AMAT,false,-0.12999403814821642,-0.1872315669323502
2024-06-30,DG.PA,true,0.10693236633244307,0.303412090371449
2024-06-30,6098.T,false,0.035717370559879,-0.02382940392556887
2024-06-30,META,false,0.12629659786987957,0.42004151796246725
2024-09-30,NVDA,false,0.1322419466488658,0.5558642070770201
2024-09-30,MO,false,0.04021958439089346,0.38208690780633403
2024-09-30,NOVO-B.CO,false,-0.18810374315216127,-0.5047218978944858
2024-09-30,6098.T,false,0.2802986729582555,-0.06420230938794425
2024-09-30,ADP,true,0.06417104617614222,0.06933574913505525
2024-09-30,MA,true,0.06571231270346889,0.1758860694455311
2024-09-30,GE,false,-0.10714887876566104,0.5977433841571531
2024-09-30,QCOM,false,-0.08621811010406177,0.015292688701865398
2024-09-30,AVGO,false,0.369340389029146,0.9796915825236996
2024-09-30,META,false,0.033674817578684735,0.2740828815393417
2024-09-30,ASML.AS,false,-0.09675193235484403,0.0998687733521666
2024-09-30,ITX.MC,false,-0.05227443508975471,-0.13583745162771244
2024-09-30,6501.T,false,0.04125888254066967,0.1812246670134936
2024-12-31,TCOM,false,-0.10431946434291928,0.09984301931725525
2024-12-31,SPOT,false,0.2482005829841003,0.3263668652421583
2024-12-31,MO,false,0.12703572435323185,0.15385597748417124
2024-12-31,CMCSA,false,-0.031521930015071975,-0.17003298831747438
2024-12-31,SLB,false,0.029812162219544636,0.17857771455739413
2024-12-31,PYPL,false,-0.276977125196161,-0.3037250305370379
2024-12-31,MRK,false,-0.12408194744907519,0.12061838739827802
2024-12-31,QCOM,false,-0.08754213372908604,0.17339340033749262
2024-12-31,NKE,true,-0.2617773535827048,-0.1271853139909136
2024-12-31,ADP,true,0.04880700536048699,-0.10148121846624114
2024-12-31,SIE.DE,false,0.15007336185034936,0.28657342815850084
2025-03-31,PYPL,false,0.1538696997111888,-0.3123584496987748
2025-03-31,MO,false,-0.014516451602018865,0.16771977038165176
2025-03-31,CMCSA,false,-0.006518805941955308,-0.1456765818200062
2025-03-31,TGT,false,0.0064892735398220935,0.2070593957395288
2025-03-31,SPOT,false,0.3132918879162758,-0.14548300141638215
2025-03-31,MRK,false,-0.07944404057250143,0.395161467368208
2025-03-31,8001.T,true,0.09013198281154078,0.5011546669005233
2025-03-31,SLB,false,-0.15079945918057325,0.23347608388878327
2025-03-31,NKE,true,0.16411240425402407,-0.27929977451287613
2025-03-31,6758.T,false,-0.03320054366701275,-0.11078540569753481
2025-03-31,QCOM,false,0.043926279613056396,-0.15199369299874232
2025-03-31,CAT,false,0.19103171517573925,1.2449029669460607
2025-06-30,SPOT,false,-0.05065558265171155,-0.3842625244996878
2025-06-30,MO,false,0.13817659886116584,0.30296070224889027
2025-06-30,PYPL,false,-0.06243256190291824,-0.4018881888676732
2025-06-30,ENR.DE,false,-0.009177984993838706,0.6085026006882297
2025-06-30,CMCSA,false,-0.10959211643431965,-0.24937374175185312
2025-06-30,6758.T,false,0.13337498937188297,-0.09812255139439574
2025-06-30,7011.T,false,0.03701980286985518,0.047218934959724956
2025-06-30,GEV,false,0.1389818264418956,1.149524160242641
2025-06-30,MRK,false,0.0024786876941671476,0.6367022312597586
2025-06-30,8001.T,true,0.11859578220724543,0.270533185270347
2025-06-30,SIE.DE,false,0.028256364995804084,0.2631431984172381
2025-06-30,NVDA,false,0.15108712100638377,0.25225112969169516
2025-09-30,SPOT,false,-0.1738108987452991,-0.29598854742624015
2025-09-30,TCOM,false,-0.038297837370926735,-0.4845744694882036
2025-09-30,ENR.DE,false,0.23516397083688734,0.47296160465554293
2025-09-30,GEV,false,0.07320693478853024,0.6095172178869679
2025-09-30,MO,false,-0.10948751566098702,0.08201468264160305
2025-09-30,NVDA,false,0.005201221365184638,0.2402889343353487
2025-09-30,7011.T,false,0.07295698806892958,
2025-09-30,6758.T,false,-0.042263516291342174,
2025-09-30,6857.T,false,0.4453924246033816,
2025-09-30,PYPL,false,-0.11666241791433507,-0.19994453997746164
2025-09-30,CMCSA,false,-0.036024474210441304,-0.22738485898290695
2025-09-30,NFLX,false,-0.2177960154466414,-0.43407400459346934
2025-12-31,RR.L,false,-0.015652079941180674,
2025-12-31,ENR.DE,false,0.18651668461450255,
2025-12-31,DG.PA,false,0.0691378334140007,
2025-12-31,LRCX,false,0.27761257519608185,
2025-12-31,AVGO,false,-0.08925223979090768,
2025-12-31,6857.T,false,0.13217301138358617,
2025-12-31,MPC,false,0.49382913729222744,
2025-12-31,CMCSA,false,0.020450288489528123,
2025-12-31,BMY,false,0.1295167128513881,
2025-12-31,MU,false,0.28374560685571226,
2025-12-31,KLAC,false,0.24996792169111304,
2025-12-31,6758.T,false,-0.17396930702558244,
2025-12-31,CI,false,-0.013525097306143818,
2025-12-31,GILD,false,0.14472407425886713,
2026-03-31,RR.L,false,0.3032372964469554,
2026-03-31,CMCSA,false,-0.15245509897415987,
2026-03-31,LRCX,false,0.832517141390114,
2026-03-31,6857.T,false,0.4173635022134776,
2026-03-31,ENR.DE,false,0.14826007970397637,
2026-03-31,DG.PA,false,-0.0027597520942366227,
2026-03-31,CI,false,0.04470784529031491,
2026-03-31,MU,false,2.0555294106167885,
2026-03-31,BMY,false,-0.05981948373688872,
2026-03-31,GEV,false,0.3001828002650009,
2026-03-31,ADBE,false,-0.13205531455370711,
2026-03-31,KLAC,false,0.8101598872933471,
2026-06-30,RR.L,false,0.02066756573656403,
2026-06-30,CMCSA,false,-0.10817502089854081,
2026-06-30,ADBE,false,0.13730364505833537,
2026-06-30,MU,false,-0.0771437697855728,
2026-06-30,BMY,false,0.10325548957148833,
2026-06-30,6857.T,false,0.19449598021026593,
2026-06-30,CI,false,0.004020436346133804,
2026-06-30,LRCX,false,-0.2518310928379984,
2026-06-30,DG.PA,false,-0.12910797813766606,
2026-06-30,BHP.L,true,0.018590491286895494,
2026-06-30,CRM,false,0.4407403609325895,
2026-06-30,ASML.AS,false,-0.11442221858866186,
2026-09-30,RR.L,false,,
2026-09-30,CMCSA,false,,
2026-09-30,DG.PA,false,,
2026-09-30,MU,false,,
2026-09-30,6857.T,false,,
2026-09-30,BMY,false,,
2026-09-30,ADBE,false,,
2026-09-30,LRCX,false,,
2026-09-30,CI,false,,
2026-09-30,PYPL,false,,
2026-09-30,BHP.L,true,,
2026-09-30,ASML.AS,false,,
2026-09-30,INTU,false,,
